label,x,y
Nz,24.0,55.0
T10,49.0,30.0
Iz,24.0,5.0
T9,-0.9999999999999987,30.0
Cz,24.0,30.0
NFpz,24.0,51.35290556900726
Fpz,24.0,48.1646294881589
AFpz,24.0,45.31980742778542
AFz,24.0,42.73775034639123
AFFz,24.0,40.35528088571262
Fz,24.0,38.123272526257594
FFCz,24.0,36.00211528291909
FCz,24.0,33.95930500743171
FCCz,24.0,31.96709765055089
CCPz,24.0,28.03290234944911
CPz,24.0,26.040694992568298
CPPz,24.0,23.997884717080908
Pz,24.0,21.8767274737424
PPOz,24.0,19.644719114287387
POz,24.0,17.26224965360877
POOz,24.0,14.68019257221458
Oz,24.0,11.835370511841099
OIz,24.0,8.647094430992738
N2h,27.91,54.692499999999995
N2,31.724999999999998,53.777499999999996
AFp10,35.349999999999994,52.275
AF10,38.695,50.22500000000001
AFF10,41.677499999999995,47.6775
F10,44.225,44.695
FFT10,46.275000000000006,41.349999999999994
FT10,47.77750000000001,37.725
FTT10,48.69250000000001,33.91
TTP10,48.69250000000001,26.09
TP10,47.77750000000001,22.275
TPP10,46.275000000000006,18.650000000000002
P10,44.225,15.305
PPO10,41.677499999999995,12.322500000000002
PO10,38.695,9.774999999999999
POO10,35.349999999999994,7.725
I2,31.724999999999998,6.222500000000002
I2h,27.91,5.307499999999999
N1h,20.090000000000003,54.692499999999995
N1,16.275,53.777499999999996
AFp9,12.650000000000002,52.275
AF9,9.305000000000001,50.22500000000001
AFF9,6.322500000000002,47.6775
F9,3.775,44.695
FFT9,1.725000000000001,41.349999999999994
FT9,0.2225000000000027,37.725
FTT9,-0.6924999999999992,33.91
TTP9,-0.6924999999999992,26.09
TP9,0.2225000000000027,22.275
TPP9,1.725000000000001,18.650000000000002
P9,3.775,15.305
PPO9,6.322500000000002,12.322500000000002
PO9,9.305000000000001,9.774999999999999
POO9,12.650000000000002,7.725
I1,16.275,6.222500000000002
I1h,20.090000000000003,5.307499999999999
T9h,2.647094430992738,30.0
T7,5.8353705118411,30.0
T7h,8.680192572214581,30.0
C5,11.262249653608766,30.0
C5h,13.64471911428739,30.0
C3,15.876727473742402,30.0
C3h,17.99788471708091,30.0
C1,20.040694992568294,30.0
C1h,22.03290234944911,30.0
C2h,25.967097650550887,30.0
C2,27.959305007431702,30.0
C4h,30.002115282919092,30.0
C4,32.1232725262576,30.0
C6h,34.35528088571261,30.0
C6,36.73775034639124,30.0
T8h,39.31980742778542,30.0
T8,42.16462948815891,30.0
T10h,45.35290556900727,30.0
NFp2h,27.340107229332414,51.0891560013836
NFp2,30.59806295399516,50.308716707021794
AFp10h,33.69387755102041,49.02455897613282
AF10h,36.551885160843995,47.275596679349704
AFF10h,39.0985818056036,45.09858180560359
F10h,41.27559667934971,42.55188516084401
FFT10h,43.02455897613284,39.69387755102041
FT10h,44.3087167070218,36.59806295399516
FTT10h,45.089156001383614,33.34010722933242
TTP10h,45.089156001383614,26.659892770667586
TP10h,44.3087167070218,23.40193704600484
TPP10h,43.02455897613284,20.306122448979593
P10h,41.27559667934971,17.448114839156002
PPO10h,39.0985818056036,14.901418194396403
PO10h,36.551885160843995,12.724403320650294
POO10h,33.69387755102041,10.975441023867177
OI2,30.59806295399516,9.69128329297821
OI2h,27.340107229332414,8.910843998616397
NFp1h,20.65989277066759,51.0891560013836
NFp1,17.401937046004843,50.308716707021794
AFp9h,14.306122448979593,49.02455897613282
AF9h,11.448114839156002,47.275596679349704
AFF9h,8.901418194396404,45.09858180560359
F9h,6.724403320650296,42.55188516084401
FFT9h,4.975441023867177,39.69387755102041
FT9h,3.6912832929782113,36.59806295399516
FTT9h,2.9108439986163965,33.34010722933242
TTP9h,2.9108439986163965,26.659892770667586
TP9h,3.6912832929782113,23.40193704600484
TPP9h,4.975441023867177,20.306122448979593
P9h,6.724403320650296,17.448114839156002
PPO9h,8.901418194396404,14.901418194396403
PO9h,11.448114839156002,12.724403320650294
POO9h,14.306122448979593,10.975441023867177
OI1,17.401937046004843,9.69128329297821
OI1h,20.65989277066759,8.910843998616397
Fp2h,26.841864018334608,47.941176470588246
Fp2,29.61306340718106,47.27463712757831
AFp8,32.24675324675325,46.18411000763942
AF8,34.676088617265094,44.69633307868602
AFF8,36.84377387318564,42.84377387318564
F8,38.696333078686024,40.67608861726509
FFT8,40.18411000763943,38.24675324675325
FT8,41.2746371275783,35.61306340718106
FTT8,41.94117647058824,32.841864018334604
TTP8,41.94117647058824,27.158135981665392
TP8,41.2746371275783,24.386936592818948
TPP8,40.18411000763943,21.75324675324675
P8,38.696333078686024,19.32391138273491
PPO8,36.84377387318564,17.156226126814364
PO8,34.676088617265094,15.303666921313981
POO8,32.24675324675325,13.81588999236058
O2,29.61306340718106,12.725362872421695
O2h,26.841864018334608,12.058823529411761
Fp1h,21.158135981665396,47.941176470588246
Fp1,18.386936592818945,47.27463712757831
AFp7,15.753246753246755,46.18411000763942
AF7,13.323911382734913,44.69633307868602
AFF7,11.156226126814364,42.84377387318564
F7,9.303666921313983,40.67608861726509
FFT7,7.815889992360581,38.24675324675325
FT7,6.725362872421696,35.61306340718106
FTT7,6.058823529411763,32.841864018334604
TTP7,6.058823529411763,27.158135981665392
TP7,6.725362872421696,24.386936592818948
TPP7,7.815889992360581,21.75324675324675
P7,9.303666921313983,19.32391138273491
PPO7,11.156226126814364,17.156226126814364
PO7,13.323911382734913,15.303666921313981
POO7,15.753246753246755,13.81588999236058
O1,18.386936592818945,12.725362872421695
O1h,21.158135981665396,12.058823529411761
AFp7h,16.831594634873323,45.97056631892697
AFp5,17.891765735540805,45.79206476551674
AFp5h,18.933739255014327,45.644699140401144
AFp3,19.962447942401358,45.525517046657725
AFp3h,20.981645613790217,45.43548049410287
AFp1,21.99252388204347,45.3710369652499
AFp1h,22.997726803058484,45.332024522973065
AFp2h,25.002273196941516,45.332024522973065
AFp2,26.00747611795653,45.3710369652499
AFp4h,27.018354386209786,45.43548049410287
AFp4,28.037552057598646,45.525517046657725
AFp6h,29.066260744985676,45.644699140401144
AFp6,30.108234264459192,45.79206476551674
AFp8h,31.16840536512668,45.97056631892697
AF7h,14.752225302787103,44.19451335181671
AF5,16.143558454309563,43.7825233186058
AF5h,17.500678426051557,43.448100407055634
AF3,18.832254655923922,43.185180293224136
AF3h,20.143522411228254,42.98590000646789
AF1,21.438185062452206,42.84731073158297
AF1h,22.720944921677617,42.76370641738252
AF2h,25.279055078322386,42.76370641738252
AF2,26.561814937547798,42.84731073158297
AF4h,27.85647758877175,42.98590000646789
AF4,29.16774534407608,43.185180293224136
AF6h,30.499321573948443,43.448100407055634
AF6,31.85644154569044,43.7825233186058
AF8h,33.2477746972129,44.19451335181671
AFF7h,12.936071095821687,42.18375976492511
AFF5,14.642391746979776,41.65331885435048
AFF5h,16.2897347772518,41.23143764995785
AFF3,17.889444409724394,40.90244359727517
AFF3h,19.44888537933548,40.65723136730851
AFF1,20.981963212095955,40.48723138282041
AFF1h,22.49585367288126,40.38787272834206
AFF2h,25.504146327118743,40.38787272834206
AFF2,27.018036787904045,40.48723138282041
AFF4h,28.55111462066452,40.65723136730851
AFF4,30.110555590275606,40.90244359727517
AFF6h,31.710265222748202,41.23143764995785
AFF6,33.35760825302023,41.65331885435048
AFF8h,35.06392890417831,42.18375976492511
F7h,11.419662405537114,39.9795183275655
F5,13.415262636273543,39.42847703997357
F5h,15.316102012751598,38.99799974996874
F3,17.139569635385538,38.6670651524208
F3h,18.905001155001155,38.42140217140217
F1,20.62683875331117,38.253959307896075
F1h,22.31972449036272,38.15558518024773
F2h,25.680275509637283,38.15558518024773
F2,27.373161246688834,38.253959307896075
F4h,29.09499884499884,38.42140217140217
F4,30.86043036461446,38.6670651524208
F6h,32.68389798724841,38.99799974996874
F6,34.58473736372646,39.42847703997357
F8h,36.58033759446289,39.9795183275655
FFT7h,10.228443761781755,37.61886476296865
FFC5,12.469750889679716,37.130378518278874
FFC5h,14.575637910085053,36.754252733900366
FFC3,16.577245163153336,36.46693618250072
FFC3h,18.49891672684851,36.25659685573024
FFC1,20.36255539941628,36.1128526645768
FFC1h,22.190929391748192,36.02934921310081
FFC2h,25.809070608251808,36.02934921310081
FFC2,27.637444600583724,36.1128526645768
FFC4h,29.50108327315149,36.25659685573024
FFC4,31.422754836846664,36.46693618250072
FFC6h,33.42436208991494,36.754252733900366
FFC6,35.530249110320284,37.130378518278874
FFT8h,37.771556238218245,37.61886476296865
FT7h,9.37007546908537,35.142629647580144
FC5,11.7964048954615,34.78072412034676
FC5h,14.054771685420015,34.503780436982794
FC3,16.183801149814002,34.29489347311464
FC3h,18.216841422548914,34.142795373473135
FC1,20.18139364046595,34.03898625249239
FC1h,22.101510542867455,33.97870804763623
FC2h,25.89848945713255,33.97870804763623
FC2,27.818606359534055,34.03898625249239
FC4h,29.783158577451086,34.142795373473135
FC4,31.816198850186,34.29489347311464
FC6h,33.945228314579985,34.503780436982794
FC6,36.2035951045385,34.78072412034676
FT8h,38.629924530914636,35.142629647580144
FTT7h,8.851877368239755,32.590423699621084
FCC5,11.394188250157931,32.398926089703096
FCC5h,13.745324079520058,32.25267615574638
FCC3,15.952730100538801,32.14269843914903
FCC3h,18.051733304976608,32.06295193534666
FCC1,20.075424034644534,32.009331339897926
FCC1h,22.050058207217695,31.977780027332084
FCC2h,25.949941792782308,31.977780027332084
FCC2,27.92457596535547,32.009331339897926
FCC4h,29.948266695023396,32.06295193534666
FCC4,32.0472698994612,32.14269843914903
FCC6h,34.25467592047995,32.25267615574638
FCC6,36.605811749842076,32.398926089703096
FTT8h,39.14812263176025,32.590423699621084
TTP7h,8.851877368239755,27.40957630037892
CCP5,11.394188250157931,27.601073910296904
CCP5h,13.745324079520058,27.747323844253614
CCP3,15.952730100538801,27.85730156085097
CCP3h,18.051733304976608,27.93704806465334
CCP1,20.075424034644534,27.990668660102074
CCP1h,22.050058207217695,28.022219972667916
CCP2h,25.949941792782308,28.022219972667916
CCP2,27.92457596535547,27.990668660102074
CCP4h,29.948266695023396,27.93704806465334
CCP4,32.0472698994612,27.85730156085097
CCP6h,34.25467592047995,27.747323844253614
CCP6,36.605811749842076,27.601073910296904
TTP8h,39.14812263176025,27.40957630037892
TP7h,9.37007546908537,24.857370352419856
CP5,11.7964048954615,25.21927587965324
CP5h,14.054771685420015,25.496219563017206
CP3,16.183801149814002,25.70510652688536
CP3h,18.216841422548914,25.857204626526862
CP1,20.18139364046595,25.96101374750761
CP1h,22.101510542867455,26.021291952363768
CP2h,25.89848945713255,26.021291952363768
CP2,27.818606359534055,25.96101374750761
CP4h,29.783158577451086,25.857204626526862
CP4,31.816198850186,25.70510652688536
CP6h,33.945228314579985,25.496219563017206
CP6,36.2035951045385,25.21927587965324
TP8h,38.629924530914636,24.857370352419856
TPP7h,10.228443761781755,22.381135237031348
CPP5,12.469750889679716,22.869621481721126
CPP5h,14.575637910085053,23.245747266099634
CPP3,16.577245163153336,23.53306381749928
CPP3h,18.49891672684851,23.743403144269763
CPP1,20.36255539941628,23.887147335423194
CPP1h,22.190929391748192,23.970650786899192
CPP2h,25.809070608251808,23.970650786899192
CPP2,27.637444600583724,23.887147335423194
CPP4h,29.50108327315149,23.743403144269763
CPP4,31.422754836846664,23.53306381749928
CPP6h,33.42436208991494,23.245747266099634
CPP6,35.530249110320284,22.869621481721126
TPP8h,37.771556238218245,22.381135237031348
P7h,11.419662405537114,20.020481672434496
P5,13.415262636273543,20.57152296002643
P5h,15.316102012751598,21.00200025003126
P3,17.139569635385538,21.332934847579203
P3h,18.905001155001155,21.57859782859783
P1,20.62683875331117,21.746040692103925
P1h,22.31972449036272,21.844414819752267
P2h,25.680275509637283,21.844414819752267
P2,27.373161246688834,21.746040692103925
P4h,29.09499884499884,21.57859782859783
P4,30.86043036461446,21.332934847579203
P6h,32.68389798724841,21.00200025003126
P6,34.58473736372646,20.57152296002643
P8h,36.58033759446289,20.020481672434496
PPO7h,12.936071095821687,17.816240235074893
PPO5,14.642391746979776,18.34668114564952
PPO5h,16.2897347772518,18.768562350042153
PPO3,17.889444409724394,19.09755640272483
PPO3h,19.44888537933548,19.34276863269149
PPO1,20.981963212095955,19.512768617179596
PPO1h,22.49585367288126,19.612127271657943
PPO2h,25.504146327118743,19.612127271657943
PPO2,27.018036787904045,19.512768617179596
PPO4h,28.55111462066452,19.34276863269149
PPO4,30.110555590275606,19.09755640272483
PPO6h,31.710265222748202,18.768562350042153
PPO6,33.35760825302023,18.34668114564952
PPO8h,35.06392890417831,17.816240235074893
PO7h,14.752225302787103,15.80548664818328
PO5,16.143558454309563,16.217476681394206
PO5h,17.500678426051557,16.551899592944366
PO3,18.832254655923922,16.814819706775857
PO3h,20.143522411228254,17.014099993532113
PO1,21.438185062452206,17.152689268417028
PO1h,22.720944921677617,17.236293582617485
PO2h,25.279055078322386,17.236293582617485
PO2,26.561814937547798,17.152689268417028
PO4h,27.85647758877175,17.014099993532113
PO4,29.16774534407608,16.814819706775857
PO6h,30.499321573948443,16.551899592944366
PO6,31.85644154569044,16.217476681394206
PO8h,33.2477746972129,15.80548664818328
POO7h,16.831594634873323,14.029433681073026
POO5,17.891765735540805,14.207935234483262
POO5h,18.933739255014327,14.355300859598854
POO3,19.962447942401358,14.474482953342276
POO3h,20.981645613790217,14.564519505897131
POO1,21.99252388204347,14.628963034750102
POO1h,22.997726803058484,14.667975477026935
POO2h,25.002273196941516,14.667975477026935
POO2,26.00747611795653,14.628963034750102
POO4h,27.018354386209786,14.564519505897131
POO4,28.037552057598646,14.474482953342276
POO6h,29.066260744985676,14.355300859598854
POO6,30.108234264459192,14.207935234483262
POO8h,31.16840536512668,14.029433681073026
NAS,24.0,55.0
RPA,49.0,30.0
LPA,-0.9999999999999987,30.0
